{
    "confidence_score": 0.8655169606208801,
    "ptm": 0.9495554566383362,
    "iptm": 0.8671680092811584,
    "ligand_iptm": 0.8671680092811584,
    "protein_iptm": 0.0,
    "complex_plddt": 0.8651041984558105,
    "complex_iplddt": 0.733026921749115,
    "complex_pde": 0.5947170257568359,
    "complex_ipde": 1.9188553094863892,
    "chains_ptm": {
        "0": 0.9596657156944275,
        "1": 0.8319308757781982
    },
    "pair_chains_iptm": {
        "0": {
            "0": 0.9596657156944275,
            "1": 0.7404011487960815
        },
        "1": {
            "0": 0.8671680092811584,
            "1": 0.8319308757781982
        }
    }
}