{
    "confidence_score": 0.8647587895393372,
    "ptm": 0.9489778280258179,
    "iptm": 0.8675686120986938,
    "ligand_iptm": 0.8675686120986938,
    "protein_iptm": 0.0,
    "complex_plddt": 0.8640563488006592,
    "complex_iplddt": 0.729503870010376,
    "complex_pde": 0.6010297536849976,
    "complex_ipde": 1.9357541799545288,
    "chains_ptm": {
        "0": 0.9593847393989563,
        "1": 0.8256627321243286
    },
    "pair_chains_iptm": {
        "0": {
            "0": 0.9593847393989563,
            "1": 0.7418344616889954
        },
        "1": {
            "0": 0.8675686120986938,
            "1": 0.8256627321243286
        }
    }
}