{
    "confidence_score": 0.865208089351654,
    "ptm": 0.9501016736030579,
    "iptm": 0.8700118660926819,
    "ligand_iptm": 0.8700118660926819,
    "protein_iptm": 0.0,
    "complex_plddt": 0.8640071153640747,
    "complex_iplddt": 0.7317951321601868,
    "complex_pde": 0.5815353989601135,
    "complex_ipde": 1.8302556276321411,
    "chains_ptm": {
        "0": 0.9602138996124268,
        "1": 0.8302668929100037
    },
    "pair_chains_iptm": {
        "0": {
            "0": 0.9602138996124268,
            "1": 0.738616406917572
        },
        "1": {
            "0": 0.8700118660926819,
            "1": 0.8302668929100037
        }
    }
}