{
    "confidence_score": 0.8686912655830383,
    "ptm": 0.9514586925506592,
    "iptm": 0.8754327297210693,
    "ligand_iptm": 0.8754327297210693,
    "protein_iptm": 0.0,
    "complex_plddt": 0.8670059442520142,
    "complex_iplddt": 0.7381444573402405,
    "complex_pde": 0.5774018168449402,
    "complex_ipde": 1.7957392930984497,
    "chains_ptm": {
        "0": 0.9607086777687073,
        "1": 0.8311973214149475
    },
    "pair_chains_iptm": {
        "0": {
            "0": 0.9607086777687073,
            "1": 0.7435839772224426
        },
        "1": {
            "0": 0.8754327297210693,
            "1": 0.8311973214149475
        }
    }
}