{
    "confidence_score": 0.8697810173034668,
    "ptm": 0.9502540826797485,
    "iptm": 0.8719735741615295,
    "ligand_iptm": 0.8719735741615295,
    "protein_iptm": 0.0,
    "complex_plddt": 0.8692328929901123,
    "complex_iplddt": 0.7394892573356628,
    "complex_pde": 0.5962589979171753,
    "complex_ipde": 1.8996995687484741,
    "chains_ptm": {
        "0": 0.9599701166152954,
        "1": 0.832412600517273
    },
    "pair_chains_iptm": {
        "0": {
            "0": 0.9599701166152954,
            "1": 0.7527384161949158
        },
        "1": {
            "0": 0.8719735741615295,
            "1": 0.832412600517273
        }
    }
}