{
    "confidence_score": 0.8691636919975281,
    "ptm": 0.9509086012840271,
    "iptm": 0.8700568675994873,
    "ligand_iptm": 0.8700568675994873,
    "protein_iptm": 0.0,
    "complex_plddt": 0.8689404129981995,
    "complex_iplddt": 0.7380779981613159,
    "complex_pde": 0.5896721482276917,
    "complex_ipde": 1.866117000579834,
    "chains_ptm": {
        "0": 0.9608298540115356,
        "1": 0.8288391828536987
    },
    "pair_chains_iptm": {
        "0": {
            "0": 0.9608298540115356,
            "1": 0.7392151951789856
        },
        "1": {
            "0": 0.8700568675994873,
            "1": 0.8288391828536987
        }
    }
}