{
    "confidence_score": 0.8684676289558411,
    "ptm": 0.9490007758140564,
    "iptm": 0.8709088563919067,
    "ligand_iptm": 0.8709088563919067,
    "protein_iptm": 0.0,
    "complex_plddt": 0.8678572773933411,
    "complex_iplddt": 0.7393948435783386,
    "complex_pde": 0.5928456783294678,
    "complex_ipde": 1.8503245115280151,
    "chains_ptm": {
        "0": 0.9589328765869141,
        "1": 0.8298438787460327
    },
    "pair_chains_iptm": {
        "0": {
            "0": 0.9589328765869141,
            "1": 0.7465881705284119
        },
        "1": {
            "0": 0.8709088563919067,
            "1": 0.8298438787460327
        }
    }
}