{
    "confidence_score": 0.8633254170417786,
    "ptm": 0.9484484195709229,
    "iptm": 0.8573893904685974,
    "ligand_iptm": 0.8573893904685974,
    "protein_iptm": 0.0,
    "complex_plddt": 0.8648093938827515,
    "complex_iplddt": 0.7242595553398132,
    "complex_pde": 0.6109546422958374,
    "complex_ipde": 2.0215301513671875,
    "chains_ptm": {
        "0": 0.95964115858078,
        "1": 0.8225752115249634
    },
    "pair_chains_iptm": {
        "0": {
            "0": 0.95964115858078,
            "1": 0.7388131618499756
        },
        "1": {
            "0": 0.8573893904685974,
            "1": 0.8225752115249634
        }
    }
}