{
    "confidence_score": 0.867588996887207,
    "ptm": 0.9485505819320679,
    "iptm": 0.8730752468109131,
    "ligand_iptm": 0.8730752468109131,
    "protein_iptm": 0.0,
    "complex_plddt": 0.8662174344062805,
    "complex_iplddt": 0.7443830370903015,
    "complex_pde": 0.5932636260986328,
    "complex_ipde": 1.8620907068252563,
    "chains_ptm": {
        "0": 0.9579716920852661,
        "1": 0.8337221741676331
    },
    "pair_chains_iptm": {
        "0": {
            "0": 0.9579716920852661,
            "1": 0.7389878034591675
        },
        "1": {
            "0": 0.8730752468109131,
            "1": 0.8337221741676331
        }
    }
}