{
    "confidence_score": 0.8665391206741333,
    "ptm": 0.9490230083465576,
    "iptm": 0.8649294972419739,
    "ligand_iptm": 0.8649294972419739,
    "protein_iptm": 0.0,
    "complex_plddt": 0.866941511631012,
    "complex_iplddt": 0.7331782579421997,
    "complex_pde": 0.6032607555389404,
    "complex_ipde": 1.9584739208221436,
    "chains_ptm": {
        "0": 0.9595825672149658,
        "1": 0.8258384466171265
    },
    "pair_chains_iptm": {
        "0": {
            "0": 0.9595825672149658,
            "1": 0.7370826601982117
        },
        "1": {
            "0": 0.8649294972419739,
            "1": 0.8258384466171265
        }
    }
}