{
    "confidence_score": 0.8659645915031433,
    "ptm": 0.950029194355011,
    "iptm": 0.8692497611045837,
    "ligand_iptm": 0.8692497611045837,
    "protein_iptm": 0.0,
    "complex_plddt": 0.865143358707428,
    "complex_iplddt": 0.7304105162620544,
    "complex_pde": 0.589577317237854,
    "complex_ipde": 1.868970274925232,
    "chains_ptm": {
        "0": 0.959977924823761,
        "1": 0.8291423320770264
    },
    "pair_chains_iptm": {
        "0": {
            "0": 0.959977924823761,
            "1": 0.7490150332450867
        },
        "1": {
            "0": 0.8692497611045837,
            "1": 0.8291423320770264
        }
    }
}