{
    "confidence_score": 0.8677405714988708,
    "ptm": 0.9485213756561279,
    "iptm": 0.8663814067840576,
    "ligand_iptm": 0.8663814067840576,
    "protein_iptm": 0.0,
    "complex_plddt": 0.8680803179740906,
    "complex_iplddt": 0.7368304133415222,
    "complex_pde": 0.6069065928459167,
    "complex_ipde": 1.9508719444274902,
    "chains_ptm": {
        "0": 0.9588320255279541,
        "1": 0.8246656060218811
    },
    "pair_chains_iptm": {
        "0": {
            "0": 0.9588320255279541,
            "1": 0.7356564998626709
        },
        "1": {
            "0": 0.8663814067840576,
            "1": 0.8246656060218811
        }
    }
}