{
    "confidence_score": 0.8709028363227844,
    "ptm": 0.951535701751709,
    "iptm": 0.8766940236091614,
    "ligand_iptm": 0.8766940236091614,
    "protein_iptm": 0.0,
    "complex_plddt": 0.8694549798965454,
    "complex_iplddt": 0.7452418804168701,
    "complex_pde": 0.5832719206809998,
    "complex_ipde": 1.840567946434021,
    "chains_ptm": {
        "0": 0.9610306620597839,
        "1": 0.8334155678749084
    },
    "pair_chains_iptm": {
        "0": {
            "0": 0.9610306620597839,
            "1": 0.7441475987434387
        },
        "1": {
            "0": 0.8766940236091614,
            "1": 0.8334155678749084
        }
    }
}