{
    "confidence_score": 0.8641988039016724,
    "ptm": 0.9477159976959229,
    "iptm": 0.8574462532997131,
    "ligand_iptm": 0.8574462532997131,
    "protein_iptm": 0.0,
    "complex_plddt": 0.865886926651001,
    "complex_iplddt": 0.7238628268241882,
    "complex_pde": 0.6168501973152161,
    "complex_ipde": 2.022634744644165,
    "chains_ptm": {
        "0": 0.9590360522270203,
        "1": 0.8195303678512573
    },
    "pair_chains_iptm": {
        "0": {
            "0": 0.9590360522270203,
            "1": 0.743683397769928
        },
        "1": {
            "0": 0.8574462532997131,
            "1": 0.8195303678512573
        }
    }
}