{
    "confidence_score": 0.8682026863098145,
    "ptm": 0.9510748386383057,
    "iptm": 0.8729891180992126,
    "ligand_iptm": 0.8729891180992126,
    "protein_iptm": 0.0,
    "complex_plddt": 0.8670060634613037,
    "complex_iplddt": 0.7343722581863403,
    "complex_pde": 0.5890859961509705,
    "complex_ipde": 1.862950086593628,
    "chains_ptm": {
        "0": 0.9607356786727905,
        "1": 0.8279672265052795
    },
    "pair_chains_iptm": {
        "0": {
            "0": 0.9607356786727905,
            "1": 0.7392303347587585
        },
        "1": {
            "0": 0.8729891180992126,
            "1": 0.8279672265052795
        }
    }
}