{
    "confidence_score": 0.867291271686554,
    "ptm": 0.9500500559806824,
    "iptm": 0.8743205666542053,
    "ligand_iptm": 0.8743205666542053,
    "protein_iptm": 0.0,
    "complex_plddt": 0.8655338883399963,
    "complex_iplddt": 0.7302724719047546,
    "complex_pde": 0.5965733528137207,
    "complex_ipde": 1.925721526145935,
    "chains_ptm": {
        "0": 0.9594621062278748,
        "1": 0.8354076743125916
    },
    "pair_chains_iptm": {
        "0": {
            "0": 0.9594621062278748,
            "1": 0.7538418173789978
        },
        "1": {
            "0": 0.8743205666542053,
            "1": 0.8354076743125916
        }
    }
}