{
    "confidence_score": 0.8651286959648132,
    "ptm": 0.9475243091583252,
    "iptm": 0.8648257851600647,
    "ligand_iptm": 0.8648257851600647,
    "protein_iptm": 0.0,
    "complex_plddt": 0.865204393863678,
    "complex_iplddt": 0.7270519137382507,
    "complex_pde": 0.6183807253837585,
    "complex_ipde": 2.0305142402648926,
    "chains_ptm": {
        "0": 0.9577746391296387,
        "1": 0.824528157711029
    },
    "pair_chains_iptm": {
        "0": {
            "0": 0.9577746391296387,
            "1": 0.7440925240516663
        },
        "1": {
            "0": 0.8648257851600647,
            "1": 0.824528157711029
        }
    }
}