{
    "confidence_score": 0.8693245053291321,
    "ptm": 0.9489157199859619,
    "iptm": 0.8667739033699036,
    "ligand_iptm": 0.8667739033699036,
    "protein_iptm": 0.0,
    "complex_plddt": 0.8699620962142944,
    "complex_iplddt": 0.7430883049964905,
    "complex_pde": 0.6019786596298218,
    "complex_ipde": 1.9340407848358154,
    "chains_ptm": {
        "0": 0.9591413140296936,
        "1": 0.8298283815383911
    },
    "pair_chains_iptm": {
        "0": {
            "0": 0.9591413140296936,
            "1": 0.7380658388137817
        },
        "1": {
            "0": 0.8667739033699036,
            "1": 0.8298283815383911
        }
    }
}