{
    "confidence_score": 0.8679429292678833,
    "ptm": 0.9495434165000916,
    "iptm": 0.8700505495071411,
    "ligand_iptm": 0.8700505495071411,
    "protein_iptm": 0.0,
    "complex_plddt": 0.8674160242080688,
    "complex_iplddt": 0.739001989364624,
    "complex_pde": 0.5977462530136108,
    "complex_ipde": 1.9044207334518433,
    "chains_ptm": {
        "0": 0.9594669342041016,
        "1": 0.827827513217926
    },
    "pair_chains_iptm": {
        "0": {
            "0": 0.9594669342041016,
            "1": 0.7462128400802612
        },
        "1": {
            "0": 0.8700505495071411,
            "1": 0.827827513217926
        }
    }
}