{
    "confidence_score": 0.8681089282035828,
    "ptm": 0.9498047828674316,
    "iptm": 0.8756570219993591,
    "ligand_iptm": 0.8756570219993591,
    "protein_iptm": 0.0,
    "complex_plddt": 0.8662219643592834,
    "complex_iplddt": 0.7436094880104065,
    "complex_pde": 0.5954688191413879,
    "complex_ipde": 1.8766945600509644,
    "chains_ptm": {
        "0": 0.9590983986854553,
        "1": 0.8314047455787659
    },
    "pair_chains_iptm": {
        "0": {
            "0": 0.9590983986854553,
            "1": 0.7431606650352478
        },
        "1": {
            "0": 0.8756570219993591,
            "1": 0.8314047455787659
        }
    }
}