{
    "confidence_score": 0.8684512376785278,
    "ptm": 0.9508747458457947,
    "iptm": 0.8728634119033813,
    "ligand_iptm": 0.8728634119033813,
    "protein_iptm": 0.0,
    "complex_plddt": 0.8673481345176697,
    "complex_iplddt": 0.737615168094635,
    "complex_pde": 0.5847224593162537,
    "complex_ipde": 1.832065463066101,
    "chains_ptm": {
        "0": 0.9605559706687927,
        "1": 0.8291803002357483
    },
    "pair_chains_iptm": {
        "0": {
            "0": 0.9605559706687927,
            "1": 0.747078537940979
        },
        "1": {
            "0": 0.8728634119033813,
            "1": 0.8291803002357483
        }
    }
}