{
    "confidence_score": 0.8637615442276001,
    "ptm": 0.9494925141334534,
    "iptm": 0.8636701107025146,
    "ligand_iptm": 0.8636701107025146,
    "protein_iptm": 0.0,
    "complex_plddt": 0.8637843728065491,
    "complex_iplddt": 0.7321893572807312,
    "complex_pde": 0.6037637591362,
    "complex_ipde": 1.9605165719985962,
    "chains_ptm": {
        "0": 0.9600050449371338,
        "1": 0.8245052099227905
    },
    "pair_chains_iptm": {
        "0": {
            "0": 0.9600050449371338,
            "1": 0.7405670285224915
        },
        "1": {
            "0": 0.8636701107025146,
            "1": 0.8245052099227905
        }
    }
}