{
    "confidence_score": 0.8676007390022278,
    "ptm": 0.9491517543792725,
    "iptm": 0.8714081048965454,
    "ligand_iptm": 0.8714081048965454,
    "protein_iptm": 0.0,
    "complex_plddt": 0.8666489124298096,
    "complex_iplddt": 0.7394460439682007,
    "complex_pde": 0.5983339548110962,
    "complex_ipde": 1.9071476459503174,
    "chains_ptm": {
        "0": 0.9588715434074402,
        "1": 0.8300157189369202
    },
    "pair_chains_iptm": {
        "0": {
            "0": 0.9588715434074402,
            "1": 0.744408369064331
        },
        "1": {
            "0": 0.8714081048965454,
            "1": 0.8300157189369202
        }
    }
}