{
    "confidence_score": 0.8666689991950989,
    "ptm": 0.9494660496711731,
    "iptm": 0.8678022027015686,
    "ligand_iptm": 0.8678022027015686,
    "protein_iptm": 0.0,
    "complex_plddt": 0.8663856387138367,
    "complex_iplddt": 0.7278361320495605,
    "complex_pde": 0.5990455746650696,
    "complex_ipde": 1.927079200744629,
    "chains_ptm": {
        "0": 0.9595524072647095,
        "1": 0.8273675441741943
    },
    "pair_chains_iptm": {
        "0": {
            "0": 0.9595524072647095,
            "1": 0.7441329956054688
        },
        "1": {
            "0": 0.8678022027015686,
            "1": 0.8273675441741943
        }
    }
}