{
    "confidence_score": 0.8670652508735657,
    "ptm": 0.9487500786781311,
    "iptm": 0.866881787776947,
    "ligand_iptm": 0.866881787776947,
    "protein_iptm": 0.0,
    "complex_plddt": 0.8671111464500427,
    "complex_iplddt": 0.7348723411560059,
    "complex_pde": 0.6071422100067139,
    "complex_ipde": 1.9763871431350708,
    "chains_ptm": {
        "0": 0.9590493440628052,
        "1": 0.8269599676132202
    },
    "pair_chains_iptm": {
        "0": {
            "0": 0.9590493440628052,
            "1": 0.7411391735076904
        },
        "1": {
            "0": 0.866881787776947,
            "1": 0.8269599676132202
        }
    }
}