{
    "confidence_score": 0.8449102640151978,
    "ptm": 0.9376429915428162,
    "iptm": 0.0,
    "ligand_iptm": 0.0,
    "protein_iptm": 0.0,
    "complex_plddt": 0.8217270374298096,
    "complex_iplddt": 0.0,
    "complex_pde": 0.467416375875473,
    "complex_ipde": 0.0,
    "chains_ptm": {
        "0": 0.9376429915428162
    },
    "pair_chains_iptm": {
        "0": {
            "0": 0.9376429915428162
        }
    }
}