{
    "confidence_score": 0.846867024898529,
    "ptm": 0.9372588396072388,
    "iptm": 0.0,
    "ligand_iptm": 0.0,
    "protein_iptm": 0.0,
    "complex_plddt": 0.8242690563201904,
    "complex_iplddt": 0.0,
    "complex_pde": 0.47137144207954407,
    "complex_ipde": 0.0,
    "chains_ptm": {
        "0": 0.9372588396072388
    },
    "pair_chains_iptm": {
        "0": {
            "0": 0.9372588396072388
        }
    }
}