{
    "confidence_score": 0.8439264297485352,
    "ptm": 0.9365295767784119,
    "iptm": 0.0,
    "ligand_iptm": 0.0,
    "protein_iptm": 0.0,
    "complex_plddt": 0.8207756280899048,
    "complex_iplddt": 0.0,
    "complex_pde": 0.4733850359916687,
    "complex_ipde": 0.0,
    "chains_ptm": {
        "0": 0.9365295767784119
    },
    "pair_chains_iptm": {
        "0": {
            "0": 0.9365295767784119
        }
    }
}