{
    "confidence_score": 0.8412639498710632,
    "ptm": 0.9349497556686401,
    "iptm": 0.0,
    "ligand_iptm": 0.0,
    "protein_iptm": 0.0,
    "complex_plddt": 0.8178425431251526,
    "complex_iplddt": 0.0,
    "complex_pde": 0.4785710275173187,
    "complex_ipde": 0.0,
    "chains_ptm": {
        "0": 0.9349497556686401
    },
    "pair_chains_iptm": {
        "0": {
            "0": 0.9349497556686401
        }
    }
}