{
    "confidence_score": 0.8436007499694824,
    "ptm": 0.9363303184509277,
    "iptm": 0.0,
    "ligand_iptm": 0.0,
    "protein_iptm": 0.0,
    "complex_plddt": 0.8204183578491211,
    "complex_iplddt": 0.0,
    "complex_pde": 0.47843194007873535,
    "complex_ipde": 0.0,
    "chains_ptm": {
        "0": 0.9363303184509277
    },
    "pair_chains_iptm": {
        "0": {
            "0": 0.9363303184509277
        }
    }
}