{
    "confidence_score": 0.8445701599121094,
    "ptm": 0.935789167881012,
    "iptm": 0.0,
    "ligand_iptm": 0.0,
    "protein_iptm": 0.0,
    "complex_plddt": 0.8217654228210449,
    "complex_iplddt": 0.0,
    "complex_pde": 0.47659969329833984,
    "complex_ipde": 0.0,
    "chains_ptm": {
        "0": 0.935789167881012
    },
    "pair_chains_iptm": {
        "0": {
            "0": 0.935789167881012
        }
    }
}