{
    "confidence_score": 0.8443666696548462,
    "ptm": 0.9374787211418152,
    "iptm": 0.0,
    "ligand_iptm": 0.0,
    "protein_iptm": 0.0,
    "complex_plddt": 0.8210886716842651,
    "complex_iplddt": 0.0,
    "complex_pde": 0.46861517429351807,
    "complex_ipde": 0.0,
    "chains_ptm": {
        "0": 0.9374787211418152
    },
    "pair_chains_iptm": {
        "0": {
            "0": 0.9374787211418152
        }
    }
}