{
    "confidence_score": 0.8419968485832214,
    "ptm": 0.9363502860069275,
    "iptm": 0.0,
    "ligand_iptm": 0.0,
    "protein_iptm": 0.0,
    "complex_plddt": 0.8184084892272949,
    "complex_iplddt": 0.0,
    "complex_pde": 0.47681742906570435,
    "complex_ipde": 0.0,
    "chains_ptm": {
        "0": 0.9363502860069275
    },
    "pair_chains_iptm": {
        "0": {
            "0": 0.9363502860069275
        }
    }
}