{
    "confidence_score": 0.8401725888252258,
    "ptm": 0.9347324967384338,
    "iptm": 0.0,
    "ligand_iptm": 0.0,
    "protein_iptm": 0.0,
    "complex_plddt": 0.816532552242279,
    "complex_iplddt": 0.0,
    "complex_pde": 0.47679847478866577,
    "complex_ipde": 0.0,
    "chains_ptm": {
        "0": 0.9347324967384338
    },
    "pair_chains_iptm": {
        "0": {
            "0": 0.9347324967384338
        }
    }
}