{
    "confidence_score": 0.8443626761436462,
    "ptm": 0.9359488487243652,
    "iptm": 0.0,
    "ligand_iptm": 0.0,
    "protein_iptm": 0.0,
    "complex_plddt": 0.8214660286903381,
    "complex_iplddt": 0.0,
    "complex_pde": 0.4742528796195984,
    "complex_ipde": 0.0,
    "chains_ptm": {
        "0": 0.9359488487243652
    },
    "pair_chains_iptm": {
        "0": {
            "0": 0.9359488487243652
        }
    }
}