{
    "confidence_score": 0.8417996764183044,
    "ptm": 0.9379077553749084,
    "iptm": 0.0,
    "ligand_iptm": 0.0,
    "protein_iptm": 0.0,
    "complex_plddt": 0.817772626876831,
    "complex_iplddt": 0.0,
    "complex_pde": 0.4704499840736389,
    "complex_ipde": 0.0,
    "chains_ptm": {
        "0": 0.9379077553749084
    },
    "pair_chains_iptm": {
        "0": {
            "0": 0.9379077553749084
        }
    }
}