{
    "confidence_score": 0.841877281665802,
    "ptm": 0.9355545043945312,
    "iptm": 0.0,
    "ligand_iptm": 0.0,
    "protein_iptm": 0.0,
    "complex_plddt": 0.8184579610824585,
    "complex_iplddt": 0.0,
    "complex_pde": 0.4810143709182739,
    "complex_ipde": 0.0,
    "chains_ptm": {
        "0": 0.9355545043945312
    },
    "pair_chains_iptm": {
        "0": {
            "0": 0.9355545043945312
        }
    }
}