{
    "confidence_score": 0.8467444777488708,
    "ptm": 0.9367339015007019,
    "iptm": 0.0,
    "ligand_iptm": 0.0,
    "protein_iptm": 0.0,
    "complex_plddt": 0.8242471218109131,
    "complex_iplddt": 0.0,
    "complex_pde": 0.47198164463043213,
    "complex_ipde": 0.0,
    "chains_ptm": {
        "0": 0.9367339015007019
    },
    "pair_chains_iptm": {
        "0": {
            "0": 0.9367339015007019
        }
    }
}