{
    "confidence_score": 0.8439146876335144,
    "ptm": 0.9358842968940735,
    "iptm": 0.0,
    "ligand_iptm": 0.0,
    "protein_iptm": 0.0,
    "complex_plddt": 0.820922315120697,
    "complex_iplddt": 0.0,
    "complex_pde": 0.4774096608161926,
    "complex_ipde": 0.0,
    "chains_ptm": {
        "0": 0.9358842968940735
    },
    "pair_chains_iptm": {
        "0": {
            "0": 0.9358842968940735
        }
    }
}