{
    "confidence_score": 0.8426730036735535,
    "ptm": 0.9354063868522644,
    "iptm": 0.0,
    "ligand_iptm": 0.0,
    "protein_iptm": 0.0,
    "complex_plddt": 0.8194897174835205,
    "complex_iplddt": 0.0,
    "complex_pde": 0.48045414686203003,
    "complex_ipde": 0.0,
    "chains_ptm": {
        "0": 0.9354063868522644
    },
    "pair_chains_iptm": {
        "0": {
            "0": 0.9354063868522644
        }
    }
}