{
    "confidence_score": 0.8412891626358032,
    "ptm": 0.9355176091194153,
    "iptm": 0.0,
    "ligand_iptm": 0.0,
    "protein_iptm": 0.0,
    "complex_plddt": 0.817732036113739,
    "complex_iplddt": 0.0,
    "complex_pde": 0.47485554218292236,
    "complex_ipde": 0.0,
    "chains_ptm": {
        "0": 0.9355176091194153
    },
    "pair_chains_iptm": {
        "0": {
            "0": 0.9355176091194153
        }
    }
}