,smiles,qed,SPS,MolWt,MaxPartialCharge,MinPartialCharge,TPSA,MolLogP,MolMR
0,C#CC(C(=O)NNC(=O)c1ccc(Cn2nnc(-c3ccccc3)n2)cc1)C(C)C,0.4853940973575891,11.533333333333333,402.4580000000001,0.2691822994559757,-0.2718066861312094,101.80000000000001,2.054799999999999,111.5669
1,C#CC(C(=O)N(N)C(=O)c1ccc(Cn2nnc(-c3ccccc3)n2)cc1)C(C)C,0.29295549252461933,11.7,402.4580000000001,0.2743872328068101,-0.2714898805718925,107.0,2.1362999999999994,111.3219
